{
    "precision": 0.4939131216028031,
    "f1": 0.49390829583944185,
    "recall": 0.493909017351434
}